"dam","sire","RIX","alias.RIX","sire_chr1","dam_chr1","add_chr1","combo_chr1","sire_mx1","dam_mx1","add_mx1","combo_mx1"
"CC001","CC055","CC001xCC055","13140x16680",1,0,"1","0_1",0,0.5,"0.5","0_0.5"
"CC001","CC074","CC001xCC074","13140x3015",1,0,"1","0_1",0,0.5,"0.5","0_0.5"
"CC002","CC011","CC002xCC011","15156x3252",1,2,"3","1_2",1,0,"1","0_1"
"CC002","CC021","CC002xCC021","15156x1566",0,2,"2","0_2",0,0,"0","0_0"
"CC003","CC062","CC003xCC062","13067x5306",0.5,1,"1.5","0.5_1",1,0,"1","0_1"
"CC003","CC051","CC003xCC051","13067x16912",1,1,"2","1_1",0,0,"0","0_0"
"CC004","CC011","CC004xCC011","16188x3252",1,1,"2","1_1",1,0,"1","0_1"
"CC004","CC012","CC004xCC012","16188x8005",0,1,"1","0_1",0,0,"0","0_0"
"CC005","CC001","CC005xCC001","16211x13140",0,2,"2","0_2",0.5,1,"1.5","0.5_1"
"CC005","CC020","CC005xCC020","16211x8054",2,2,"4","2_2",0,1,"1","0_1"
"CC005","CC040","CC005xCC040","16211x16557",0,2,"2","0_2",0,1,"1","0_1"
"CC005","CC038","CC005xCC038","16211x8049",1,2,"3","1_2",0,1,"1","0_1"
"CC006","CC039","CC006xCC039","16750x15155",2,1,"3","1_2",0.5,0,"0.5","0_0.5"
"CC006","CC007","CC006xCC007","16750x13421",1,1,"2","1_1",0,0,"0","0_0"
"CC007","CC070","CC007xCC070","13421x16034",0,1,"1","0_1",1,0,"1","0_1"
"CC007","CC075","CC007xCC075","13421x3260",1,1,"2","1_1",0,0,"0","0_0"
"CC008","CC009","CC008xCC009","8036x5489",1,0.5,"1.5","0.5_1",0,0,"0","0_0"
"CC008","CC010","CC008xCC010","8036x8018",1,0.5,"1.5","0.5_1",0,0,"0","0_0"
"CC008","CC018","CC008xCC018","8036x3609",2,0.5,"2.5","0.5_2",0,0,"0","0_0"
"CC009","CC040","CC009xCC040","5489x16557",0,1,"1","0_1",0,0,"0","0_0"
"CC010","CC060","CC010xCC060","8018x3460",0,1,"1","0_1",0.5,0,"0.5","0_0.5"
"CC010","CC015","CC010xCC015","8018x3154",0,1,"1","0_1",0,0,"0","0_0"
"CC011","CC042","CC011xCC042","3252x18042",1,1,"2","1_1",0.5,1,"1.5","0.5_1"
"CC011","CC032","CC011xCC032","3252x8002",1,1,"2","1_1",0,1,"1","0_1"
"CC012","CC032","CC012xCC032","8005x8002",1,0,"1","0_1",0,0,"0","0_0"
"CC012","CC038","CC012xCC038","8005x8049",1,0,"1","0_1",0,0,"0","0_0"
"CC013","CC026","CC013xCC026","8010x8026",1,1,"2","1_1",0,1,"1","0_1"
"CC013","CC041","CC013xCC041","8010x16441",1.5,1,"2.5","1_1.5",0,1,"1","0_1"
"CC014","CC059","CC014xCC059","3415x16012",1,1,"2","1_1",0,0,"0","0_0"
"CC015","CC059","CC015xCC059","3154x16012",1,0,"1","0_1",0,0,"0","0_0"
"CC015","CC018","CC015xCC018","3154x3609",2,0,"2","0_2",0,0,"0","0_0"
"CC016","CC061","CC016xCC061","8024x8048",2,1,"3","1_2",0,0,"0","0_0"
"CC016","CC038","CC016xCC038","8024x8049",1,1,"2","1_1",0,0,"0","0_0"
"CC017","CC004","CC017xCC004","3032x16188",1,0,"1","0_1",0,0,"0","0_0"
"CC017","CC041","CC017xCC041","3032x16441",1.5,0,"1.5","0_1.5",0,0,"0","0_0"
"CC018","CC009","CC018xCC009","3609x5489",1,2,"3","1_2",0,0,"0","0_0"
"CC018","CC065","CC018xCC065","3609x5119",0,2,"2","0_2",0,0,"0","0_0"
"CC019","CC002","CC019xCC002","16513x15156",2,1,"3","1_2",0,0,"0","0_0"
"CC019","CC027","CC019xCC027","16513x8027",1,1,"2","1_1",1,0,"1","0_1"
"CC019","CC004","CC019xCC004","16513x16188",1,1,"2","1_1",0,0,"0","0_0"
"CC020","CC008","CC020xCC008","8054x8036",0.5,2,"2.5","0.5_2",0,0,"0","0_0"
"CC021","CC023","CC021xCC023","1566x8043",2,0,"2","0_2",1,0,"1","0_1"
"CC021","CC032","CC021xCC032","1566x8002",1,0,"1","0_1",0,0,"0","0_0"
"CC022","CC044","CC022xCC044","8046x4410",1,0,"1","0_1",1,0,"1","0_1"
"CC022","CC024","CC022xCC024","8046x8004",0,0,"0","0_0",0,0,"0","0_0"
"CC023","CC025","CC023xCC025","8043x8008",0,2,"2","0_2",0,1,"1","0_1"
"CC024","CC052","CC024xCC052","8004x8052",0.5,0,"0.5","0_0.5",0,0,"0","0_0"
"CC024","CC023","CC024xCC023","8004x8043",2,0,"2","0_2",1,0,"1","0_1"
"CC025","CC028","CC025xCC028","8008x8016",2,0,"2","0_2",1,0,"1","0_1"
"CC026","CC034","CC026xCC034","8026x5080",1.5,1,"2.5","1_1.5",0,0,"0","0_0"
"CC026","CC042","CC026xCC042","8026x18042",1,1,"2","1_1",0.5,0,"0.5","0_0.5"
"CC027","CC036","CC027xCC036","8027x477",2,1,"3","1_2",0,1,"1","0_1"
"CC027","CC045","CC027xCC045","8027x8045",2,1,"3","1_2",0,1,"1","0_1"
"CC028","CC030","CC028xCC030","8016x8034",0,2,"2","0_2",1,1,"2","1_1"
"CC028","CC024","CC028xCC024","8016x8004",0,2,"2","0_2",0,1,"1","0_1"
"CC029","CC027","CC029xCC027","3564x8027",1,0.5,"1.5","0.5_1",1,0,"1","0_1"
"CC029","CC071","CC029xCC071","3564x16785",0,0.5,"0.5","0_0.5",0.5,0,"0.5","0_0.5"
"CC030","CC023","CC030xCC023","8034x8043",2,0,"2","0_2",1,1,"2","1_1"
"CC030","CC061","CC030xCC061","8034x8048",2,0,"2","0_2",0,1,"1","0_1"
"CC032","CC017","CC032xCC017","8002x3032",0,1,"1","0_1",0,0,"0","0_0"
"CC032","CC013","CC032xCC013","8002x8010",1,1,"2","1_1",1,0,"1","0_1"
"CC033","CC046","CC033xCC046","8033x5346",1.75,1,"2.75","1_1.75",0,0,"0","0_0"
"CC033","CC068","CC033xCC068","8033x16768",2,1,"3","1_2",0.5,0,"0.5","0_0.5"
"CC034","CC016","CC034xCC016","5080x8024",1,1.5,"2.5","1_1.5",0,0,"0","0_0"
"CC035","CC020","CC035xCC020","5035x8054",2,0.5,"2.5","0.5_2",0,0.5,"0.5","0_0.5"
"CC035","CC071","CC035xCC071","5035x16785",0,0.5,"0.5","0_0.5",0.5,0.5,"1","0.5_0.5"
"CC036","CC051","CC036xCC051","477x16912",1,2,"3","1_2",0,0,"0","0_0"
"CC037","CC046","CC037xCC046","16072x5346",1.75,2,"3.75","1.75_2",0,0,"0","0_0"
"CC037","CC057","CC037xCC057","16072x3393",1,2,"3","1_2",0.75,0,"0.75","0_0.75"
"CC038","CC013","CC038xCC013","8049x8010",1,1,"2","1_1",1,0,"1","0_1"
"CC039","CC020","CC039xCC020","15155x8054",2,2,"4","2_2",0,0.5,"0.5","0_0.5"
"CC040","CC003","CC040xCC003","16557x13067",1,0,"1","0_1",0,0,"0","0_0"
"CC040","CC015","CC040xCC015","16557x3154",0,0,"0","0_0",0,0,"0","0_0"
"CC041","CC012","CC041xCC012","16441x8005",0,1.5,"1.5","0_1.5",0,0,"0","0_0"
"CC041","CC016","CC041xCC016","16441x8024",1,1.5,"2.5","1_1.5",0,0,"0","0_0"
"CC042","CC017","CC042xCC017","18042x3032",0,1,"1","0_1",0,0.5,"0.5","0_0.5"
"CC042","CC025","CC042xCC025","18042x8008",0,1,"1","0_1",0,0.5,"0.5","0_0.5"
"CC042","CC019","CC042xCC019","18042x16513",1,1,"2","1_1",0,0.5,"0.5","0_0.5"
"CC043","CC037","CC043xCC037","8021x16072",2,1,"3","1_2",0,0,"0","0_0"
"CC043","CC033","CC043xCC033","8021x8033",1,1,"2","1_1",0,0,"0","0_0"
"CC044","CC060","CC044xCC060","4410x3460",0,1,"1","0_1",0.5,1,"1.5","0.5_1"
"CC045","CC044","CC045xCC044","8045x4410",1,2,"3","1_2",1,0,"1","0_1"
"CC046","CC068","CC046xCC068","5346x16768",2,1.75,"3.75","1.75_2",0.5,0,"0.5","0_0.5"
"CC049","CC036","CC049xCC036","16296x477",2,1,"3","1_2",0,0,"0","0_0"
"CC051","CC005","CC051xCC005","16912x16211",2,1,"3","1_2",1,0,"1","0_1"
"CC051","CC009","CC051xCC009","16912x5489",1,1,"2","1_1",0,0,"0","0_0"
"CC052","CC007","CC052xCC007","8052x13421",1,0.5,"1.5","0.5_1",0,0,"0","0_0"
"CC052","CC014","CC052xCC014","8052x3415",1,0.5,"1.5","0.5_1",0,0,"0","0_0"
"CC055","CC028","CC055xCC028","16680x8016",2,1,"3","1_2",1,0,"1","0_1"
"CC055","CC006","CC055xCC006","16680x16750",1,1,"2","1_1",0,0,"0","0_0"
"CC056","CC033","CC056xCC033","8056x8033",1,0,"1","0_1",0,1,"1","0_1"
"CC057","CC052","CC057xCC052","3393x8052",0.5,1,"1.5","0.5_1",0,0.75,"0.75","0_0.75"
"CC058","CC022","CC058xCC022","5358x8046",0,0,"0","0_0",0,0.5,"0.5","0_0.5"
"CC059","CC065","CC059xCC065","16012x5119",0,1,"1","0_1",0,0,"0","0_0"
"CC060","CC037","CC060xCC037","3460x16072",2,0,"2","0_2",0,0.5,"0.5","0_0.5"
"CC060","CC006","CC060xCC006","3460x16750",1,0,"1","0_1",0,0.5,"0.5","0_0.5"
"CC061","CC025","CC061xCC025","8048x8008",0,2,"2","0_2",0,0,"0","0_0"
"CC061","CC026","CC061xCC026","8048x8026",1,2,"3","1_2",0,0,"0","0_0"
"CC061","CC039","CC061xCC039","8048x15155",2,2,"4","2_2",0.5,0,"0.5","0_0.5"
"CC062","CC072","CC062xCC072","5306x16521",2,0.5,"2.5","0.5_2",0,1,"1","0_1"
"CC062","CC046","CC062xCC046","5306x5346",1.75,0.5,"2.25","0.5_1.75",0,1,"1","0_1"
"CC063","CC002","CC063xCC002","5391x15156",2,0.5,"2.5","0.5_2",0,1,"1","0_1"
"CC063","CC001","CC063xCC001","5391x13140",0,0.5,"0.5","0_0.5",0.5,1,"1.5","0.5_1"
"CC065","CC072","CC065xCC072","5119x16521",2,0,"2","0_2",0,0,"0","0_0"
"CC065","CC010","CC065xCC010","5119x8018",1,0,"1","0_1",0,0,"0","0_0"
"CC068","CC035","CC068xCC035","16768x5035",0.5,2,"2.5","0.5_2",0.5,0.5,"1","0.5_0.5"
"CC068","CC043","CC068xCC043","16768x8021",1,2,"3","1_2",0,0.5,"0.5","0_0.5"
"CC070","CC003","CC070xCC003","16034x13067",1,0,"1","0_1",0,1,"1","0_1"
"CC071","CC053","CC071xCC053","16785x773",1,0,"1","0_1",0,0.5,"0.5","0_0.5"
"CC071","CC058","CC071xCC058","16785x5358",0,0,"0","0_0",0.5,0.5,"1","0.5_0.5"
"CC072","CC063","CC072xCC063","16521x5391",0.5,2,"2.5","0.5_2",1,0,"1","0_1"
"CC072","CC075","CC072xCC075","16521x3260",1,2,"3","1_2",0,0,"0","0_0"
"CC074","CC058","CC074xCC058","3015x5358",0,1,"1","0_1",0.5,0,"0.5","0_0.5"
"CC074","CC062","CC074xCC062","3015x5306",0.5,1,"1.5","0.5_1",1,0,"1","0_1"
"CC075","CC035","CC075xCC035","3260x5035",0.5,1,"1.5","0.5_1",0.5,0,"0.5","0_0.5"
"CC075","CC021","CC075xCC021","3260x1566",0,1,"1","0_1",0,0,"0","0_0"
