"strain","chr1.status","mx1.status","tier","availability","handling"
"CC001",0,"cast",1,"readily","jumpy, especially as weanlings"
"CC002",2,"dom",1,"readily",""
"CC003",1,"dom",1,"readily","very strong- hard to scruff"
"CC004",1,"dom",1,"readily","jumpy"
"CC005",2,"mus",1,"readily",""
"CC007",1,"dom",1,"readily",""
"CC009",1,"dom",1,"fair",""
"CC010",1,"dom",1,"fair","extremely docile"
"CC011",1,"mus",1,"readily",""
"CC012",0,"dom",1,"readily",""
"CC013",1,"mus",2,"readily",""
"CC014",1,"dom",NA,NA,NA
"CC015",0,"dom",2,"readily",""
"CC016",1,"dom",2,"readily",""
"CC017",0,"dom",2,"readily",""
"CC018",2,"dom",2,"poor",""
"CC019",1,"dom",2,"readily","jumpy"
"CC020",2,"dom",2,"poor","Weanlings are jumpy."
"CC021",0,"dom",2,"readily",""
"CC022",0,"dom",2,"readily",""
"CC023",2,"mus",2,"readily",""
"CC024",0,"dom",2,"readily","jumpy"
"CC025",0,"dom",2,"fair",""
"CC026",1,"dom",2,"readily","jumpy"
"CC028",2,"mus",2,"readily","jumpy when young"
"CC030",0,"mus",2,"readily","aggressive"
"CC032",1,"dom",2,"readily",""
"CC033",1,"dom",2,"fair",""
"CC036",2,"dom",2,"readily",""
"CC037",2,"dom",2,"readily",""
"CC038",1,"dom",2,"readily","slightly jumpy"
"CC039",2,"cast",2,"readily","jumpy- adults can jump extremely high"
"CC040",0,"dom",2,"readily",""
"CC042",1,"cast",2,"readily","slightly jumpy"
"CC043",1,"dom",2,"poor",""
"CC044",1,"mus",2,"readily",""
"CC045",2,"dom",2,"readily",""
"CC049",1,"dom",2,"fair",""
"CC051",1,"dom",2,"readily",""
"CC053",1,"dom",2,"readily",""
"CC056",0,"mus",2,"readily",""
"CC057",1,"mus",2,"readily",""
"CC057",1,"cast",2,"readily",""
"CC058",0,"cast",2,"readily",""
"CC059",1,"dom",2,"readily",""
"CC060",0,"cast",2,"readily",""
"CC061",2,"dom",2,"fair",""
"CC065",0,"dom",2,"readily","jumpy & aggressive"
"CC068",2,"cast",2,"readily",""
"CC070",0,"mus",2,"readily",""
"CC071",0,"cast",2,"readily",""
"CC072",2,"dom",2,"readily",""
"CC073",0,"dom",2,"extinct",""
"CC074",1,"dom",2,"fair",""
