"strain","alias","founders","status"
"CC001",13140,"F","0"
"CC002",15156,"B","2"
"CC003",13067,"A","1"
"CC004",16188,"C","1"
"CC005",16211,"D","2"
"CC007",13421,"C","1"
"CC009",5489,"C","1"
"CC010",8018,"A","1"
"CC011",3252,"A","1"
"CC012",8005,"E","0"
"CC013",8010,"C","1"
"CC014",3415,"C","1"
"CC015",3154,"E","0"
"CC016",8024,"C","1"
"CC017",3032,"E","0"
"CC018",3609,"B","2"
"CC019",16513,"H","1"
"CC020",8054,"D","2"
"CC021",1566,"F","0"
"CC022",8046,"F","0"
"CC023",8043,"D","2"
"CC024",8004,"F","0"
"CC025",8008,"F","0"
"CC026",8026,"H","1"
"CC028",8016,"B","2"
"CC030",8034,"F","0"
"CC032",8002,"A","1"
"CC033",8033,"A","1"
"CC036",477,"B","2"
"CC037",16072,"D","2"
"CC038",8049,"C","1"
"CC039",15155,"D","2"
"CC040",16557,"F","0"
"CC042",18042,"H","1"
"CC043",8021,"H","1"
"CC044",4410,"H","1"
"CC045",8045,"D","2"
"CC049",16296,"C","1"
"CC051",16912,"H","1"
"CC053",773,"H","1"
"CC056",8056,"E","0"
"CC057",3393,"H","1"
"CC058",5358,"E","0"
"CC059",16012,"H","1"
"CC061",8048,"G","2"
"CC065",5119,"F","0"
"CC068",16768,"D","2"
"CC070",16034,"E","0"
"CC071",16785,"F","0"
"CC072",16521,"D","2"
"CC073",1515,"F","0"
"CC074",3015,"A","1"
